﻿Contcod,Group,Measure Names,quantile,Avg. R Rinc,Measure Values,Pop
GTM,1,Running Sum of Pop along Table (Down),0,82,0.8525211,0.8525211
UGA,1,Running Sum of Pop along Table (Down),0,85,2.5007576,1.6482365
SLV,1,Running Sum of Pop along Table (Down),0,87,3.0197141,0.5189565
LSO,1,Running Sum of Pop along Table (Down),0,99,3.1777041,0.15799
MRT,1,Running Sum of Pop along Table (Down),0,104,3.3669369,0.1892328
HND,1,Running Sum of Pop along Table (Down),0,119,3.8287614,0.4618245
UGA,2,Running Sum of Pop along Table (Down),0,133,5.4769979,1.6482365
NGA,1,Running Sum of Pop along Table (Down),0,136,14.7501283,9.2731304
CRI,1,Running Sum of Pop along Table (Down),0,147,15.0417849,0.2916566
CHN-R,1,Running Sum of Pop along Table (Down),0,157,96.9589945,81.9172096
PAK,1,Running Sum of Pop along Table (Down),0,165,107.4922409,10.5332464
GHA,1,Running Sum of Pop along Table (Down),0,166,108.893336,1.4010951
IDN-U,1,Running Sum of Pop along Table (Down),0,167,114.019932,5.126596
LSO,2,Running Sum of Pop along Table (Down),0,174,114.177922,0.15799
GTM,2,Running Sum of Pop along Table (Down),0,177,115.0304431,0.8525211
IDN-R,1,Running Sum of Pop along Table (Down),0,178,127.7045271,12.674084
UGA,3,Running Sum of Pop along Table (Down),0,180,129.3527636,1.6482365
BGD,1,Running Sum of Pop along Table (Down),0,185,139.3589956,10.006232
BRA,1,Running Sum of Pop along Table (Down),0,196,153.806034,14.4470384
HND,2,Running Sum of Pop along Table (Down),0,196,154.2678585,0.4618245
IND-R,1,Running Sum of Pop along Table (Down),1,203,217.0785785,62.81072
UZB,1,Running Sum of Pop along Table (Down),1,203,219.0346965,1.956118
MRT,2,Running Sum of Pop along Table (Down),1,205,219.2239293,0.1892328
CHN-R,2,Running Sum of Pop along Table (Down),1,207,301.1411389,81.9172096
IND-U,1,Running Sum of Pop along Table (Down),1,210,322.1003853,20.9592464
NGA,2,Running Sum of Pop along Table (Down),1,212,331.3735157,9.2731304
PAK,2,Running Sum of Pop along Table (Down),1,213,341.9067621,10.5332464
IDN-U,2,Running Sum of Pop along Table (Down),1,221,347.0333581,5.126596
IDN-R,2,Running Sum of Pop along Table (Down),1,230,359.7074421,12.674084
UGA,4,Running Sum of Pop along Table (Down),1,230,361.3556786,1.6482365
DOM,1,Running Sum of Pop along Table (Down),1,233,362.0463957,0.6907171
BGD,2,Running Sum of Pop along Table (Down),1,235,372.0526277,10.006232
ECU,1,Running Sum of Pop along Table (Down),1,235,373.0318935,0.9792658
GHA,2,Running Sum of Pop along Table (Down),1,238,374.4329886,1.4010951
UZB,2,Running Sum of Pop along Table (Down),1,238,376.3891066,1.956118
CHN-R,3,Running Sum of Pop along Table (Down),2,248,458.3063162,81.9172096
PHL,1,Running Sum of Pop along Table (Down),2,255,464.1635234,5.8572072
UZB,3,Running Sum of Pop along Table (Down),2,255,466.1196414,1.956118
PAK,3,Running Sum of Pop along Table (Down),2,256,476.6528878,10.5332464
LSO,3,Running Sum of Pop along Table (Down),2,257,476.8108778,0.15799
IDN-R,3,Running Sum of Pop along Table (Down),2,266,489.4849618,12.674084
IDN-U,3,Running Sum of Pop along Table (Down),2,268,494.6115578,5.126596
IND-R,2,Running Sum of Pop along Table (Down),2,269,557.4222778,62.81072
IND-U,2,Running Sum of Pop along Table (Down),2,269,578.3815242,20.9592464
NGA,3,Running Sum of Pop along Table (Down),2,269,587.6546546,9.2731304
BGD,3,Running Sum of Pop along Table (Down),2,277,597.6608866,10.006232
UZB,4,Running Sum of Pop along Table (Down),2,280,599.6170046,1.956118
GTM,3,Running Sum of Pop along Table (Down),2,281,600.4695257,0.8525211
UGA,5,Running Sum of Pop along Table (Down),2,283,602.1177622,1.6482365
HND,3,Running Sum of Pop along Table (Down),2,284,602.5795867,0.4618245
CHN-R,4,Running Sum of Pop along Table (Down),3,285,684.4967963,81.9172096
CHN-U,1,Running Sum of Pop along Table (Down),3,291,712.7425883,28.245792
PAK,4,Running Sum of Pop along Table (Down),3,298,723.2758347,10.5332464
IDN-R,4,Running Sum of Pop along Table (Down),3,300,735.9499187,12.674084
MRT,3,Running Sum of Pop along Table (Down),3,301,736.1391515,0.1892328
GHA,3,Running Sum of Pop along Table (Down),3,303,737.5402466,1.4010951
NZL,1,Running Sum of Pop along Table (Down),3,306,737.8752466,0.335
IDN-U,4,Running Sum of Pop along Table (Down),3,314,743.0018426,5.126596
IND-R,3,Running Sum of Pop along Table (Down),3,315,805.8125626,62.81072
BGD,4,Running Sum of Pop along Table (Down),3,316,815.8187946,10.006232
CHN-R,5,Running Sum of Pop along Table (Down),4,321,897.7360042,81.9172096
IND-U,3,Running Sum of Pop along Table (Down),4,324,918.6952506,20.9592464
NGA,4,Running Sum of Pop along Table (Down),4,326,927.968381,9.2731304
UZB,5,Running Sum of Pop along Table (Down),4,326,929.924499,1.956118
PHL,2,Running Sum of Pop along Table (Down),4,331,935.7817062,5.8572072
CIV,1,Running Sum of Pop along Table (Down),4,336,936.951138,1.1694318
IDN-R,5,Running Sum of Pop along Table (Down),4,337,949.625222,12.674084
COL,1,Running Sum of Pop along Table (Down),4,340,952.816547,3.191325
PAK,5,Running Sum of Pop along Table (Down),4,340,963.3497934,10.5332464
LKA,1,Running Sum of Pop along Table (Down),4,343,965.0096934,1.6599
THA,1,Running Sum of Pop along Table (Down),4,343,970.5467462,5.5370528
CHL,1,Running Sum of Pop along Table (Down),4,344,971.8200871,1.2733409
UGA,6,Running Sum of Pop along Table (Down),4,346,973.4683236,1.6482365
LSO,4,Running Sum of Pop along Table (Down),4,352,973.6263136,0.15799
BGD,5,Running Sum of Pop along Table (Down),4,355,983.6325456,10.006232
IND-R,4,Running Sum of Pop along Table (Down),5,357,"1,046.44",62.81072
CHN-R,6,Running Sum of Pop along Table (Down),5,360,"1,128.36",81.9172096
IDN-U,5,Running Sum of Pop along Table (Down),5,361,"1,133.49",5.126596
GHA,4,Running Sum of Pop along Table (Down),5,364,"1,134.89",1.4010951
UZB,6,Running Sum of Pop along Table (Down),5,375,"1,136.84",1.956118
IDN-R,6,Running Sum of Pop along Table (Down),5,377,"1,149.52",12.674084
IND-U,4,Running Sum of Pop along Table (Down),5,381,"1,170.48",20.9592464
DZA,1,Running Sum of Pop along Table (Down),5,387,"1,172.88",2.4035236
HND,4,Running Sum of Pop along Table (Down),5,387,"1,173.34",0.4618245
PAK,6,Running Sum of Pop along Table (Down),5,388,"1,183.88",10.5332464
NGA,5,Running Sum of Pop along Table (Down),5,390,"1,193.15",9.2731304
CHN-U,2,Running Sum of Pop along Table (Down),5,392,"1,221.40",28.245792
MRT,4,Running Sum of Pop along Table (Down),5,395,"1,221.58",0.1892328
BGD,6,Running Sum of Pop along Table (Down),5,398,"1,231.59",10.006232
GTM,4,Running Sum of Pop along Table (Down),5,402,"1,232.44",0.8525211
IND-R,5,Running Sum of Pop along Table (Down),6,403,"1,295.25",62.81072
CHN-R,7,Running Sum of Pop along Table (Down),6,404,"1,377.17",81.9172096
PHL,3,Running Sum of Pop along Table (Down),6,410,"1,383.03",5.8572072
IDN-U,6,Running Sum of Pop along Table (Down),6,414,"1,388.15",5.126596
TUN,1,Running Sum of Pop along Table (Down),6,414,"1,388.94",0.7857619
UGA,7,Running Sum of Pop along Table (Down),6,423,"1,390.59",1.6482365
IDN-R,7,Running Sum of Pop along Table (Down),6,425,"1,403.26",12.674084
SLV,2,Running Sum of Pop along Table (Down),6,425,"1,403.78",0.5189565
UZB,7,Running Sum of Pop along Table (Down),6,427,"1,405.74",1.956118
DOM,2,Running Sum of Pop along Table (Down),6,428,"1,406.43",0.6907171
GHA,5,Running Sum of Pop along Table (Down),6,428,"1,407.83",1.4010951
MEX,1,Running Sum of Pop along Table (Down),6,439,"1,415.93",8.1010096
IND-U,5,Running Sum of Pop along Table (Down),6,440,"1,436.89",20.9592464
THA,2,Running Sum of Pop along Table (Down),6,440,"1,442.43",5.5370528
PAK,7,Running Sum of Pop along Table (Down),7,444,"1,452.96",10.5332464
BGD,7,Running Sum of Pop along Table (Down),7,447,"1,462.97",10.006232
IND-R,6,Running Sum of Pop along Table (Down),7,453,"1,525.78",62.81072
LKA,2,Running Sum of Pop along Table (Down),7,455,"1,527.44",1.6599
BRA,2,Running Sum of Pop along Table (Down),7,460,"1,541.88",14.4470384
BOL,1,Running Sum of Pop along Table (Down),7,461,"1,542.52",0.636347
CHN-R,8,Running Sum of Pop along Table (Down),7,464,"1,624.44",81.9172096
LSO,5,Running Sum of Pop along Table (Down),7,465,"1,624.60",0.15799
EGY,1,Running Sum of Pop along Table (Down),7,466,"1,630.04",5.443372
CHN-U,3,Running Sum of Pop along Table (Down),8,470,"1,658.28",28.245792
CIV,2,Running Sum of Pop along Table (Down),8,471,"1,659.45",1.1694318
NGA,6,Running Sum of Pop along Table (Down),8,474,"1,668.73",9.2731304
IDN-U,7,Running Sum of Pop along Table (Down),8,477,"1,673.85",5.126596
IDN-R,8,Running Sum of Pop along Table (Down),8,487,"1,686.53",12.674084
JAM,1,Running Sum of Pop along Table (Down),8,492,"1,686.76",0.23564
UZB,8,Running Sum of Pop along Table (Down),8,492,"1,688.72",1.956118
MRT,5,Running Sum of Pop along Table (Down),8,493,"1,688.91",0.1892328
PHL,4,Running Sum of Pop along Table (Down),8,497,"1,694.77",5.8572072
GHA,6,Running Sum of Pop along Table (Down),8,498,"1,696.17",1.4010951
IRN,1,Running Sum of Pop along Table (Down),8,500,"1,701.35",5.1810744
VEN,1,Running Sum of Pop along Table (Down),8,506,"1,703.23",1.8839278
HND,5,Running Sum of Pop along Table (Down),8,508,"1,703.69",0.4618245
IND-U,6,Running Sum of Pop along Table (Down),8,508,"1,724.65",20.9592464
BGD,8,Running Sum of Pop along Table (Down),8,513,"1,734.66",10.006232
ECU,2,Running Sum of Pop along Table (Down),8,514,"1,735.64",0.9792658
IND-R,7,Running Sum of Pop along Table (Down),8,514,"1,798.45",62.81072
PAK,8,Running Sum of Pop along Table (Down),8,520,"1,808.98",10.5332464
UGA,8,Running Sum of Pop along Table (Down),8,531,"1,810.63",1.6482365
LKA,3,Running Sum of Pop along Table (Down),8,533,"1,812.29",1.6599
CHN-U,4,Running Sum of Pop along Table (Down),8,539,"1,840.54",28.245792
THA,3,Running Sum of Pop along Table (Down),8,541,"1,846.07",5.5370528
GTM,5,Running Sum of Pop along Table (Down),8,545,"1,846.93",0.8525211
MYS,1,Running Sum of Pop along Table (Down),8,557,"1,848.65",1.7200068
CHN-R,9,Running Sum of Pop along Table (Down),9,562,"1,930.56",81.9172096
IDN-U,8,Running Sum of Pop along Table (Down),9,562,"1,935.69",5.126596
NGA,7,Running Sum of Pop along Table (Down),9,578,"1,944.96",9.2731304
GHA,7,Running Sum of Pop along Table (Down),9,581,"1,946.36",1.4010951
IDN-R,9,Running Sum of Pop along Table (Down),9,585,"1,959.04",12.674084
COL,2,Running Sum of Pop along Table (Down),9,588,"1,962.23",3.191325
EGY,2,Running Sum of Pop along Table (Down),9,588,"1,967.67",5.443372
UZB,9,Running Sum of Pop along Table (Down),9,590,"1,969.63",1.956118
IND-U,7,Running Sum of Pop along Table (Down),9,591,"1,990.59",20.9592464
PHL,5,Running Sum of Pop along Table (Down),9,592,"1,996.45",5.8572072
TTO,1,Running Sum of Pop along Table (Down),9,592,"1,996.57",0.1201224
IND-R,8,Running Sum of Pop along Table (Down),9,594,"2,059.38",62.81072
CIV,3,Running Sum of Pop along Table (Down),9,601,"2,060.55",1.1694318
DZA,2,Running Sum of Pop along Table (Down),9,602,"2,062.95",2.4035236
MRT,6,Running Sum of Pop along Table (Down),9,604,"2,063.14",0.1892328
CHN-U,5,Running Sum of Pop along Table (Down),10,605,"2,091.38",28.245792
LSO,6,Running Sum of Pop along Table (Down),10,605,"2,091.54",0.15799
LKA,4,Running Sum of Pop along Table (Down),10,609,"2,093.20",1.6599
TUR,1,Running Sum of Pop along Table (Down),10,615,"2,098.43",5.22785
BGD,9,Running Sum of Pop along Table (Down),10,622,"2,108.44",10.006232
DOM,3,Running Sum of Pop along Table (Down),10,624,"2,109.13",0.6907171
CRI,2,Running Sum of Pop along Table (Down),10,627,"2,109.42",0.2916566
CHL,2,Running Sum of Pop along Table (Down),10,641,"2,110.69",1.2733409
PAK,9,Running Sum of Pop along Table (Down),10,648,"2,121.23",10.5332464
TUN,2,Running Sum of Pop along Table (Down),10,650,"2,122.01",0.7857619
BOL,2,Running Sum of Pop along Table (Down),10,656,"2,122.65",0.636347
THA,4,Running Sum of Pop along Table (Down),10,656,"2,128.18",5.5370528
HND,6,Running Sum of Pop along Table (Down),10,660,"2,128.65",0.4618245
CHN-U,6,Running Sum of Pop along Table (Down),10,674,"2,156.89",28.245792
BRA,3,Running Sum of Pop along Table (Down),10,691,"2,171.34",14.4470384
LKA,5,Running Sum of Pop along Table (Down),10,691,"2,173.00",1.6599
GHA,8,Running Sum of Pop along Table (Down),10,694,"2,174.40",1.4010951
EGY,3,Running Sum of Pop along Table (Down),10,702,"2,179.84",5.443372
IDN-U,9,Running Sum of Pop along Table (Down),10,703,"2,184.97",5.126596
IND-U,8,Running Sum of Pop along Table (Down),10,705,"2,205.93",20.9592464
PHL,6,Running Sum of Pop along Table (Down),10,706,"2,211.79",5.8572072
NGA,8,Running Sum of Pop along Table (Down),10,712,"2,221.06",9.2731304
UGA,9,Running Sum of Pop along Table (Down),10,716,"2,222.71",1.6482365
GTM,6,Running Sum of Pop along Table (Down),10,720,"2,223.56",0.8525211
IND-R,9,Running Sum of Pop along Table (Down),11,723,"2,286.37",62.81072
CIV,4,Running Sum of Pop along Table (Down),11,729,"2,287.54",1.1694318
SLV,3,Running Sum of Pop along Table (Down),11,732,"2,288.06",0.5189565
MRT,7,Running Sum of Pop along Table (Down),11,737,"2,288.25",0.1892328
DZA,3,Running Sum of Pop along Table (Down),11,746,"2,290.65",2.4035236
JAM,2,Running Sum of Pop along Table (Down),11,751,"2,290.89",0.23564
CHN-U,7,Running Sum of Pop along Table (Down),11,753,"2,319.13",28.245792
PRY,1,Running Sum of Pop along Table (Down),11,764,"2,319.54",0.4023628
IRN,2,Running Sum of Pop along Table (Down),11,765,"2,324.72",5.1810744
ECU,3,Running Sum of Pop along Table (Down),11,783,"2,325.70",0.9792658
LKA,6,Running Sum of Pop along Table (Down),11,783,"2,327.36",1.6599
THA,5,Running Sum of Pop along Table (Down),11,787,"2,332.89",5.5370528
VEN,2,Running Sum of Pop along Table (Down),11,789,"2,334.78",1.8839278
LSO,7,Running Sum of Pop along Table (Down),11,791,"2,334.94",0.15799
MYS,2,Running Sum of Pop along Table (Down),11,809,"2,336.66",1.7200068
EGY,4,Running Sum of Pop along Table (Down),11,810,"2,342.10",5.443372
DOM,4,Running Sum of Pop along Table (Down),11,823,"2,342.79",0.6907171
JOR,1,Running Sum of Pop along Table (Down),11,835,"2,343.08",0.2948
UZB,10,Running Sum of Pop along Table (Down),11,835,"2,345.04",1.956118
TUN,3,Running Sum of Pop along Table (Down),11,846,"2,345.83",0.7857619
PHL,7,Running Sum of Pop along Table (Down),11,852,"2,351.68",5.8572072
BOL,3,Running Sum of Pop along Table (Down),11,853,"2,352.32",0.636347
CHN-U,8,Running Sum of Pop along Table (Down),11,855,"2,380.57",28.245792
COL,3,Running Sum of Pop along Table (Down),11,858,"2,383.76",3.191325
CHL,3,Running Sum of Pop along Table (Down),11,864,"2,385.03",1.2733409
CIV,5,Running Sum of Pop along Table (Down),11,864,"2,386.20",1.1694318
HND,7,Running Sum of Pop along Table (Down),11,865,"2,386.66",0.4618245
GHA,9,Running Sum of Pop along Table (Down),11,881,"2,388.06",1.4010951
DZA,4,Running Sum of Pop along Table (Down),11,886,"2,390.47",2.4035236
LKA,7,Running Sum of Pop along Table (Down),11,895,"2,392.13",1.6599
IND-U,9,Running Sum of Pop along Table (Down),11,898,"2,413.09",20.9592464
TUR,2,Running Sum of Pop along Table (Down),11,918,"2,418.31",5.22785
MRT,8,Running Sum of Pop along Table (Down),11,919,"2,418.50",0.1892328
EGY,5,Running Sum of Pop along Table (Down),11,922,"2,423.95",5.443372
NGA,9,Running Sum of Pop along Table (Down),11,924,"2,433.22",9.2731304
THA,6,Running Sum of Pop along Table (Down),11,944,"2,438.76",5.5370528
BRA,4,Running Sum of Pop along Table (Down),11,945,"2,453.20",14.4470384
GTM,7,Running Sum of Pop along Table (Down),11,956,"2,454.06",0.8525211
CRI,3,Running Sum of Pop along Table (Down),11,959,"2,454.35",0.2916566
TTO,2,Running Sum of Pop along Table (Down),11,968,"2,454.47",0.1201224
URY,1,Running Sum of Pop along Table (Down),11,973,"2,454.77",0.3068166
IDN-R,10,Running Sum of Pop along Table (Down),11,986,"2,467.45",12.674084
JAM,3,Running Sum of Pop along Table (Down),11,999,"2,467.68",0.23564
CIV,6,Running Sum of Pop along Table (Down),11,"1,014","2,468.85",1.1694318
CHN-U,9,Running Sum of Pop along Table (Down),12,"1,015","2,497.10",28.245792
SLV,4,Running Sum of Pop along Table (Down),12,"1,025","2,497.62",0.5189565
IRN,3,Running Sum of Pop along Table (Down),12,"1,028","2,502.80",5.1810744
DZA,5,Running Sum of Pop along Table (Down),12,"1,036","2,505.20",2.4035236
DOM,5,Running Sum of Pop along Table (Down),12,"1,037","2,505.89",0.6907171
TUN,4,Running Sum of Pop along Table (Down),12,"1,044","2,506.68",0.7857619
EGY,6,Running Sum of Pop along Table (Down),12,"1,047","2,512.12",5.443372
LKA,8,Running Sum of Pop along Table (Down),12,"1,047","2,513.78",1.6599
PHL,8,Running Sum of Pop along Table (Down),12,"1,056","2,519.64",5.8572072
CHN-R,10,Running Sum of Pop along Table (Down),12,"1,060","2,601.56",81.9172096
ECU,4,Running Sum of Pop along Table (Down),12,"1,060","2,602.54",0.9792658
LSO,8,Running Sum of Pop along Table (Down),12,"1,064","2,602.69",0.15799
BOL,4,Running Sum of Pop along Table (Down),12,"1,068","2,603.33",0.636347
MYS,3,Running Sum of Pop along Table (Down),12,"1,072","2,605.05",1.7200068
BGD,10,Running Sum of Pop along Table (Down),12,"1,091","2,615.06",10.006232
JOR,2,Running Sum of Pop along Table (Down),12,"1,098","2,615.35",0.2948
CHL,4,Running Sum of Pop along Table (Down),12,"1,105","2,616.62",1.2733409
ARG,1,Running Sum of Pop along Table (Down),12,"1,107","2,619.80",3.172913
VEN,3,Running Sum of Pop along Table (Down),12,"1,107","2,621.68",1.8839278
THA,7,Running Sum of Pop along Table (Down),12,"1,149","2,627.22",5.5370528
COL,4,Running Sum of Pop along Table (Down),12,"1,150","2,630.41",3.191325
TUR,3,Running Sum of Pop along Table (Down),12,"1,151","2,635.64",5.22785
HND,8,Running Sum of Pop along Table (Down),12,"1,169","2,636.10",0.4618245
IRL,1,Running Sum of Pop along Table (Down),12,"1,189","2,636.45",0.3524949
CIV,7,Running Sum of Pop along Table (Down),12,"1,196","2,637.62",1.1694318
EGY,7,Running Sum of Pop along Table (Down),12,"1,196","2,643.07",5.443372
DZA,6,Running Sum of Pop along Table (Down),12,"1,205","2,645.47",2.4035236
MRT,9,Running Sum of Pop along Table (Down),12,"1,221","2,645.66",0.1892328
PRY,2,Running Sum of Pop along Table (Down),12,"1,230","2,646.06",0.4023628
HUN,1,Running Sum of Pop along Table (Down),12,"1,243","2,647.12",1.0596487
JAM,4,Running Sum of Pop along Table (Down),12,"1,248","2,647.36",0.23564
CRI,4,Running Sum of Pop along Table (Down),12,"1,252","2,647.65",0.2916566
IDN-U,10,Running Sum of Pop along Table (Down),12,"1,257","2,652.77",5.126596
PAK,10,Running Sum of Pop along Table (Down),12,"1,258","2,663.31",10.5332464
BRA,5,Running Sum of Pop along Table (Down),12,"1,261","2,677.75",14.4470384
TUN,5,Running Sum of Pop along Table (Down),12,"1,262","2,678.54",0.7857619
DOM,6,Running Sum of Pop along Table (Down),12,"1,285","2,679.23",0.6907171
LKA,9,Running Sum of Pop along Table (Down),12,"1,293","2,680.89",1.6599
IRN,4,Running Sum of Pop along Table (Down),12,"1,295","2,686.07",5.1810744
MEX,2,Running Sum of Pop along Table (Down),13,"1,298","2,694.17",8.1010096
GTM,8,Running Sum of Pop along Table (Down),13,"1,302","2,695.03",0.8525211
BOL,5,Running Sum of Pop along Table (Down),13,"1,305","2,695.66",0.636347
IND-R,10,Running Sum of Pop along Table (Down),13,"1,311","2,758.47",62.81072
SLV,5,Running Sum of Pop along Table (Down),13,"1,332","2,758.99",0.5189565
TTO,3,Running Sum of Pop along Table (Down),13,"1,337","2,759.11",0.1201224
ECU,5,Running Sum of Pop along Table (Down),13,"1,352","2,760.09",0.9792658
MYS,4,Running Sum of Pop along Table (Down),13,"1,354","2,761.81",1.7200068
JOR,3,Running Sum of Pop along Table (Down),13,"1,361","2,762.11",0.2948
CHL,5,Running Sum of Pop along Table (Down),13,"1,384","2,763.38",1.2733409
TUR,4,Running Sum of Pop along Table (Down),13,"1,392","2,768.61",5.22785
EGY,8,Running Sum of Pop along Table (Down),13,"1,399","2,774.05",5.443372
PHL,9,Running Sum of Pop along Table (Down),13,"1,414","2,779.91",5.8572072
DZA,7,Running Sum of Pop along Table (Down),13,"1,419","2,782.31",2.4035236
CIV,8,Running Sum of Pop along Table (Down),13,"1,443","2,783.48",1.1694318
THA,8,Running Sum of Pop along Table (Down),13,"1,443","2,789.02",5.5370528
VEN,4,Running Sum of Pop along Table (Down),13,"1,482","2,790.90",1.8839278
COL,5,Running Sum of Pop along Table (Down),13,"1,484","2,794.09",3.191325
UGA,10,Running Sum of Pop along Table (Down),13,"1,487","2,795.74",1.6482365
CHN-U,10,Running Sum of Pop along Table (Down),13,"1,493","2,823.99",28.245792
TUN,6,Running Sum of Pop along Table (Down),13,"1,510","2,824.77",0.7857619
JAM,5,Running Sum of Pop along Table (Down),13,"1,514","2,825.01",0.23564
HUN,2,Running Sum of Pop along Table (Down),13,"1,541","2,826.07",1.0596487
LSO,9,Running Sum of Pop along Table (Down),13,"1,562","2,826.23",0.15799
NGA,10,Running Sum of Pop along Table (Down),13,"1,564","2,835.50",9.2731304
CRI,5,Running Sum of Pop along Table (Down),13,"1,572","2,835.79",0.2916566
IRN,5,Running Sum of Pop along Table (Down),13,"1,581","2,840.97",5.1810744
BOL,6,Running Sum of Pop along Table (Down),13,"1,585","2,841.61",0.636347
DOM,7,Running Sum of Pop along Table (Down),13,"1,591","2,842.30",0.6907171
ISR,1,Running Sum of Pop along Table (Down),13,"1,614","2,842.74",0.4442
GHA,10,Running Sum of Pop along Table (Down),13,"1,626","2,844.14",1.4010951
JOR,4,Running Sum of Pop along Table (Down),13,"1,627","2,844.44",0.2948
KAZ,1,Running Sum of Pop along Table (Down),13,"1,627","2,846.05",1.6130832
PRY,3,Running Sum of Pop along Table (Down),13,"1,635","2,846.45",0.4023628
BLR,1,Running Sum of Pop along Table (Down),13,"1,637","2,847.47",1.014
TUR,5,Running Sum of Pop along Table (Down),13,"1,657","2,852.70",5.22785
MYS,5,Running Sum of Pop along Table (Down),13,"1,670","2,854.42",1.7200068
SLV,6,Running Sum of Pop along Table (Down),13,"1,670","2,854.93",0.5189565
POL,1,Running Sum of Pop along Table (Down),13,"1,684","2,858.72",3.7824488
URY,2,Running Sum of Pop along Table (Down),13,"1,684","2,859.02",0.3068166
ECU,6,Running Sum of Pop along Table (Down),13,"1,688","2,860.00",0.9792658
DZA,8,Running Sum of Pop along Table (Down),13,"1,708","2,862.41",2.4035236
BRA,6,Running Sum of Pop along Table (Down),13,"1,713","2,876.85",14.4470384
ROU,1,Running Sum of Pop along Table (Down),13,"1,716","2,879.16",2.3057662
TTO,4,Running Sum of Pop along Table (Down),13,"1,719","2,879.28",0.1201224
PRT,1,Running Sum of Pop along Table (Down),13,"1,722","2,880.28",1.001961
LTU,1,Running Sum of Pop along Table (Down),13,"1,723","2,880.65",0.3655049
HND,9,Running Sum of Pop along Table (Down),13,"1,727","2,881.11",0.4618245
CHL,6,Running Sum of Pop along Table (Down),13,"1,737","2,882.38",1.2733409
EGY,9,Running Sum of Pop along Table (Down),13,"1,738","2,887.83",5.443372
IND-U,10,Running Sum of Pop along Table (Down),14,"1,781","2,908.78",20.9592464
HUN,3,Running Sum of Pop along Table (Down),14,"1,793","2,909.84",1.0596487
MEX,3,Running Sum of Pop along Table (Down),14,"1,803","2,917.95",8.1010096
TUN,7,Running Sum of Pop along Table (Down),14,"1,810","2,918.73",0.7857619
JAM,6,Running Sum of Pop along Table (Down),14,"1,815","2,918.97",0.23564
ARG,2,Running Sum of Pop along Table (Down),14,"1,842","2,922.14",3.172913
CIV,9,Running Sum of Pop along Table (Down),14,"1,858","2,923.31",1.1694318
GBR,1,Running Sum of Pop along Table (Down),14,"1,866","2,929.00",5.6928328
COL,6,Running Sum of Pop along Table (Down),14,"1,891","2,932.19",3.191325
IRN,6,Running Sum of Pop along Table (Down),14,"1,914","2,937.37",5.1810744
JOR,5,Running Sum of Pop along Table (Down),14,"1,917","2,937.67",0.2948
GTM,9,Running Sum of Pop along Table (Down),14,"1,935","2,938.52",0.8525211
BOL,7,Running Sum of Pop along Table (Down),14,"1,937","2,939.16",0.636347
VEN,5,Running Sum of Pop along Table (Down),14,"1,942","2,941.04",1.8839278
CRI,6,Running Sum of Pop along Table (Down),14,"1,947","2,941.33",0.2916566
PRY,4,Running Sum of Pop along Table (Down),14,"1,963","2,941.74",0.4023628
TUR,6,Running Sum of Pop along Table (Down),14,"1,968","2,946.96",5.22785
THA,9,Running Sum of Pop along Table (Down),14,"1,970","2,952.50",5.5370528
KOR,1,Running Sum of Pop along Table (Down),14,"1,977","2,956.70",4.1975
ESP,1,Running Sum of Pop along Table (Down),14,"1,989","2,960.57",3.8715848
DOM,8,Running Sum of Pop along Table (Down),14,"2,014","2,961.26",0.6907171
HUN,4,Running Sum of Pop along Table (Down),14,"2,024","2,962.32",1.0596487
MYS,6,Running Sum of Pop along Table (Down),14,"2,048","2,964.04",1.7200068
SLV,7,Running Sum of Pop along Table (Down),14,"2,072","2,964.56",0.5189565
ECU,7,Running Sum of Pop along Table (Down),14,"2,101","2,965.54",0.9792658
TTO,5,Running Sum of Pop along Table (Down),14,"2,136","2,965.66",0.1201224
KAZ,2,Running Sum of Pop along Table (Down),14,"2,155","2,967.27",1.6130832
JAM,7,Running Sum of Pop along Table (Down),14,"2,183","2,967.51",0.23564
EST,1,Running Sum of Pop along Table (Down),14,"2,188","2,967.66",0.15619
BRA,7,Running Sum of Pop along Table (Down),14,"2,194","2,982.11",14.4470384
DZA,9,Running Sum of Pop along Table (Down),14,"2,195","2,984.51",2.4035236
BLR,2,Running Sum of Pop along Table (Down),14,"2,204","2,985.53",1.014
TUN,8,Running Sum of Pop along Table (Down),14,"2,207","2,986.31",0.7857619
CYP,1,Running Sum of Pop along Table (Down),14,"2,225","2,986.39",0.0736531
MEX,4,Running Sum of Pop along Table (Down),14,"2,231","2,994.49",8.1010096
CHL,7,Running Sum of Pop along Table (Down),14,"2,239","2,995.76",1.2733409
JOR,6,Running Sum of Pop along Table (Down),14,"2,246","2,996.06",0.2948
HUN,5,Running Sum of Pop along Table (Down),14,"2,250","2,997.12",1.0596487
PRY,5,Running Sum of Pop along Table (Down),14,"2,257","2,997.52",0.4023628
URY,3,Running Sum of Pop along Table (Down),14,"2,258","2,997.83",0.3068166
POL,2,Running Sum of Pop along Table (Down),14,"2,278","3,001.61",3.7824488
ITA,1,Running Sum of Pop along Table (Down),14,"2,279","3,007.27",5.6629288
LTU,2,Running Sum of Pop along Table (Down),14,"2,303","3,007.64",0.3655049
IRN,7,Running Sum of Pop along Table (Down),14,"2,320","3,012.82",5.1810744
MRT,10,Running Sum of Pop along Table (Down),14,"2,339","3,013.01",0.1892328
TUR,7,Running Sum of Pop along Table (Down),14,"2,357","3,018.23",5.22785
CRI,7,Running Sum of Pop along Table (Down),14,"2,384","3,018.53",0.2916566
IRL,2,Running Sum of Pop along Table (Down),14,"2,387","3,018.88",0.3524949
COL,7,Running Sum of Pop along Table (Down),14,"2,412","3,022.07",3.191325
ROU,2,Running Sum of Pop along Table (Down),14,"2,420","3,024.38",2.3057662
BOL,8,Running Sum of Pop along Table (Down),14,"2,430","3,025.01",0.636347
FRA,1,Running Sum of Pop along Table (Down),14,"2,437","3,030.78",5.7668932
ISR,2,Running Sum of Pop along Table (Down),14,"2,489","3,031.22",0.4442
HUN,6,Running Sum of Pop along Table (Down),14,"2,496","3,032.28",1.0596487
LKA,10,Running Sum of Pop along Table (Down),14,"2,507","3,033.94",1.6599
VEN,6,Running Sum of Pop along Table (Down),14,"2,516","3,035.83",1.8839278
MYS,7,Running Sum of Pop along Table (Down),14,"2,526","3,037.55",1.7200068
BLR,3,Running Sum of Pop along Table (Down),14,"2,560","3,038.56",1.014
ARG,3,Running Sum of Pop along Table (Down),14,"2,565","3,041.73",3.172913
PRT,2,Running Sum of Pop along Table (Down),14,"2,569","3,042.74",1.001961
KAZ,3,Running Sum of Pop along Table (Down),14,"2,595","3,044.35",1.6130832
TTO,6,Running Sum of Pop along Table (Down),14,"2,611","3,044.47",0.1201224
SLV,8,Running Sum of Pop along Table (Down),14,"2,616","3,044.99",0.5189565
MEX,5,Running Sum of Pop along Table (Down),14,"2,627","3,053.09",8.1010096
GRC,1,Running Sum of Pop along Table (Down),14,"2,634","3,054.09",1.0036983
USA,1,Running Sum of Pop along Table (Down),14,"2,636","3,078.54",24.4499008
NLD,1,Running Sum of Pop along Table (Down),14,"2,652","3,080.02",1.4760094
JOR,7,Running Sum of Pop along Table (Down),14,"2,656","3,080.31",0.2948
LTU,3,Running Sum of Pop along Table (Down),14,"2,673","3,080.68",0.3655049
ECU,8,Running Sum of Pop along Table (Down),14,"2,674","3,081.66",0.9792658
JAM,8,Running Sum of Pop along Table (Down),14,"2,688","3,081.89",0.23564
POL,3,Running Sum of Pop along Table (Down),14,"2,732","3,085.68",3.7824488
DOM,9,Running Sum of Pop along Table (Down),14,"2,741","3,086.37",0.6907171
SVN,1,Running Sum of Pop along Table (Down),14,"2,762","3,086.57",0.1995196
HUN,7,Running Sum of Pop along Table (Down),14,"2,778","3,087.63",1.0596487
URY,4,Running Sum of Pop along Table (Down),14,"2,788","3,087.93",0.3068166
SVK,1,Running Sum of Pop along Table (Down),14,"2,803","3,088.46",0.5250596
BGR,1,Running Sum of Pop along Table (Down),14,"2,829","3,089.36",0.8981446
TUN,9,Running Sum of Pop along Table (Down),14,"2,839","3,090.14",0.7857619
PRY,6,Running Sum of Pop along Table (Down),14,"2,848","3,090.54",0.4023628
PHL,10,Running Sum of Pop along Table (Down),14,"2,884","3,096.40",5.8572072
IRN,8,Running Sum of Pop along Table (Down),14,"2,886","3,101.58",5.1810744
BLR,4,Running Sum of Pop along Table (Down),14,"2,889","3,102.60",1.014
NZL,2,Running Sum of Pop along Table (Down),14,"2,889","3,102.93",0.335
AUS,1,Running Sum of Pop along Table (Down),14,"2,890","3,104.58",1.65322
TUR,8,Running Sum of Pop along Table (Down),15,"2,899","3,109.81",5.22785
ROU,3,Running Sum of Pop along Table (Down),15,"2,916","3,112.12",2.3057662
CRI,8,Running Sum of Pop along Table (Down),15,"2,997","3,112.41",0.2916566
IRL,3,Running Sum of Pop along Table (Down),15,"3,000","3,112.76",0.3524949
KAZ,4,Running Sum of Pop along Table (Down),15,"3,002","3,114.38",1.6130832
MEX,6,Running Sum of Pop along Table (Down),15,"3,006","3,122.48",8.1010096
EST,2,Running Sum of Pop along Table (Down),15,"3,016","3,122.63",0.15619
LTU,4,Running Sum of Pop along Table (Down),15,"3,020","3,123.00",0.3655049
CHL,8,Running Sum of Pop along Table (Down),15,"3,030","3,124.27",1.2733409
CYP,2,Running Sum of Pop along Table (Down),15,"3,065","3,124.35",0.0736531
CZE,1,Running Sum of Pop along Table (Down),15,"3,113","3,125.38",1.0355276
PRT,3,Running Sum of Pop along Table (Down),15,"3,117","3,126.38",1.001961
POL,4,Running Sum of Pop along Table (Down),15,"3,126","3,130.17",3.7824488
BRA,8,Running Sum of Pop along Table (Down),15,"3,137","3,144.61",14.4470384
ISR,3,Running Sum of Pop along Table (Down),15,"3,137","3,145.06",0.4442
HUN,8,Running Sum of Pop along Table (Down),15,"3,154","3,146.12",1.0596487
COL,8,Running Sum of Pop along Table (Down),15,"3,158","3,149.31",3.191325
TTO,7,Running Sum of Pop along Table (Down),15,"3,196","3,149.43",0.1201224
MYS,8,Running Sum of Pop along Table (Down),15,"3,206","3,151.15",1.7200068
JOR,8,Running Sum of Pop along Table (Down),15,"3,214","3,151.44",0.2948
BLR,5,Running Sum of Pop along Table (Down),15,"3,222","3,152.46",1.014
KOR,2,Running Sum of Pop along Table (Down),15,"3,222","3,156.65",4.1975
EGY,10,Running Sum of Pop along Table (Down),15,"3,236","3,162.10",5.443372
LVA,1,Running Sum of Pop along Table (Down),15,"3,265","3,162.36",0.2653434
BOL,9,Running Sum of Pop along Table (Down),15,"3,279","3,163.00",0.636347
PRY,7,Running Sum of Pop along Table (Down),15,"3,280","3,163.40",0.4023628
VEN,7,Running Sum of Pop along Table (Down),15,"3,290","3,165.29",1.8839278
ARG,4,Running Sum of Pop along Table (Down),15,"3,307","3,168.46",3.172913
ESP,2,Running Sum of Pop along Table (Down),15,"3,320","3,172.33",3.8715848
ROU,4,Running Sum of Pop along Table (Down),15,"3,328","3,174.64",2.3057662
LTU,5,Running Sum of Pop along Table (Down),15,"3,367","3,175.00",0.3655049
MEX,7,Running Sum of Pop along Table (Down),15,"3,374","3,183.10",8.1010096
SVK,2,Running Sum of Pop along Table (Down),15,"3,376","3,183.63",0.5250596
CIV,10,Running Sum of Pop along Table (Down),15,"3,386","3,184.80",1.1694318
URY,5,Running Sum of Pop along Table (Down),15,"3,393","3,185.10",0.3068166
KAZ,5,Running Sum of Pop along Table (Down),15,"3,406","3,186.72",1.6130832
POL,5,Running Sum of Pop along Table (Down),15,"3,502","3,190.50",3.7824488
SLV,9,Running Sum of Pop along Table (Down),15,"3,529","3,191.02",0.5189565
JAM,9,Running Sum of Pop along Table (Down),15,"3,552","3,191.25",0.23564
BLR,6,Running Sum of Pop along Table (Down),15,"3,574","3,192.27",1.014
EST,3,Running Sum of Pop along Table (Down),15,"3,584","3,192.42",0.15619
IRL,4,Running Sum of Pop along Table (Down),15,"3,623","3,192.78",0.3524949
ITA,2,Running Sum of Pop along Table (Down),15,"3,640","3,198.44",5.6629288
SVN,2,Running Sum of Pop along Table (Down),15,"3,642","3,198.64",0.1995196
ECU,9,Running Sum of Pop along Table (Down),15,"3,651","3,199.62",0.9792658
BGR,2,Running Sum of Pop along Table (Down),15,"3,654","3,200.52",0.8981446
PRT,4,Running Sum of Pop along Table (Down),15,"3,667","3,201.52",1.001961
CYP,3,Running Sum of Pop along Table (Down),15,"3,679","3,201.59",0.0736531
ROU,5,Running Sum of Pop along Table (Down),15,"3,707","3,203.90",2.3057662
LTU,6,Running Sum of Pop along Table (Down),15,"3,733","3,204.26",0.3655049
MEX,8,Running Sum of Pop along Table (Down),15,"3,745","3,212.36",8.1010096
BEL,1,Running Sum of Pop along Table (Down),15,"3,753","3,213.35",0.9901664
HUN,9,Running Sum of Pop along Table (Down),15,"3,758","3,214.41",1.0596487
TUR,9,Running Sum of Pop along Table (Down),15,"3,817","3,219.64",5.22785
SVK,3,Running Sum of Pop along Table (Down),15,"3,820","3,220.17",0.5250596
CZE,2,Running Sum of Pop along Table (Down),15,"3,823","3,221.20",1.0355276
CAN,1,Running Sum of Pop along Table (Down),15,"3,832","3,223.89",2.6895
KAZ,6,Running Sum of Pop along Table (Down),15,"3,834","3,225.50",1.6130832
IRN,9,Running Sum of Pop along Table (Down),15,"3,853","3,230.69",5.1810744
ISR,4,Running Sum of Pop along Table (Down),15,"3,858","3,231.13",0.4442
POL,6,Running Sum of Pop along Table (Down),15,"3,896","3,234.91",3.7824488
BLR,7,Running Sum of Pop along Table (Down),15,"3,966","3,235.93",1.014
KOR,3,Running Sum of Pop along Table (Down),15,"3,975","3,240.12",4.1975
TTO,8,Running Sum of Pop along Table (Down),15,"4,005","3,240.24",0.1201224
DNK,1,Running Sum of Pop along Table (Down),15,"4,024","3,240.76",0.5129516
CRI,9,Running Sum of Pop along Table (Down),15,"4,055","3,241.05",0.2916566
GRC,2,Running Sum of Pop along Table (Down),15,"4,088","3,242.05",1.0036983
ESP,3,Running Sum of Pop along Table (Down),15,"4,090","3,245.92",3.8715848
URY,6,Running Sum of Pop along Table (Down),15,"4,093","3,246.23",0.3068166
ARG,5,Running Sum of Pop along Table (Down),15,"4,094","3,249.40",3.172913
FIN,1,Running Sum of Pop along Table (Down),15,"4,095","3,249.90",0.4946481
ROU,6,Running Sum of Pop along Table (Down),15,"4,095","3,252.20",2.3057662
EST,4,Running Sum of Pop along Table (Down),15,"4,121","3,252.36",0.15619
MEX,9,Running Sum of Pop along Table (Down),15,"4,133","3,260.46",8.1010096
LTU,7,Running Sum of Pop along Table (Down),15,"4,141","3,260.83",0.3655049
LSO,10,Running Sum of Pop along Table (Down),15,"4,145","3,260.98",0.15799
JOR,9,Running Sum of Pop along Table (Down),15,"4,158","3,261.28",0.2948
GBR,2,Running Sum of Pop along Table (Down),15,"4,178","3,266.97",5.6928328
SVK,4,Running Sum of Pop along Table (Down),15,"4,218","3,267.50",0.5250596
CYP,4,Running Sum of Pop along Table (Down),15,"4,224","3,267.57",0.0736531
PRT,5,Running Sum of Pop along Table (Down),15,"4,247","3,268.57",1.001961
SVN,3,Running Sum of Pop along Table (Down),15,"4,281","3,268.77",0.1995196
BGR,3,Running Sum of Pop along Table (Down),15,"4,292","3,269.67",0.8981446
PRY,8,Running Sum of Pop along Table (Down),15,"4,306","3,270.07",0.4023628
KAZ,7,Running Sum of Pop along Table (Down),15,"4,330","3,271.69",1.6130832
IRL,5,Running Sum of Pop along Table (Down),15,"4,332","3,272.04",0.3524949
POL,7,Running Sum of Pop along Table (Down),15,"4,338","3,275.82",3.7824488
CZE,3,Running Sum of Pop along Table (Down),15,"4,362","3,276.86",1.0355276
LVA,2,Running Sum of Pop along Table (Down),15,"4,378","3,277.12",0.2653434
MYS,9,Running Sum of Pop along Table (Down),15,"4,401","3,278.84",1.7200068
BLR,8,Running Sum of Pop along Table (Down),15,"4,438","3,279.86",1.014
VEN,8,Running Sum of Pop along Table (Down),15,"4,458","3,281.74",1.8839278
COL,9,Running Sum of Pop along Table (Down),15,"4,492","3,284.93",3.191325
ITA,3,Running Sum of Pop along Table (Down),15,"4,504","3,290.59",5.6629288
THA,10,Running Sum of Pop along Table (Down),15,"4,519","3,296.13",5.5370528
ROU,7,Running Sum of Pop along Table (Down),15,"4,524","3,298.44",2.3057662
SVK,5,Running Sum of Pop along Table (Down),15,"4,605","3,298.96",0.5250596
MEX,10,Running Sum of Pop along Table (Down),15,"4,621","3,307.06",8.1010096
LTU,8,Running Sum of Pop along Table (Down),15,"4,629","3,307.43",0.3655049
EST,5,Running Sum of Pop along Table (Down),15,"4,647","3,307.58",0.15619
ISR,5,Running Sum of Pop along Table (Down),15,"4,672","3,308.03",0.4442
KOR,4,Running Sum of Pop along Table (Down),15,"4,672","3,312.23",4.1975
CHL,9,Running Sum of Pop along Table (Down),15,"4,708","3,313.50",1.2733409
ESP,4,Running Sum of Pop along Table (Down),16,"4,768","3,317.37",3.8715848
NLD,2,Running Sum of Pop along Table (Down),16,"4,791","3,318.85",1.4760094
CYP,5,Running Sum of Pop along Table (Down),16,"4,819","3,318.92",0.0736531
SVN,4,Running Sum of Pop along Table (Down),16,"4,829","3,319.12",0.1995196
CZE,4,Running Sum of Pop along Table (Down),16,"4,831","3,320.16",1.0355276
BGR,4,Running Sum of Pop along Table (Down),16,"4,851","3,321.05",0.8981446
PRT,6,Running Sum of Pop along Table (Down),16,"4,884","3,322.06",1.001961
POL,8,Running Sum of Pop along Table (Down),16,"4,916","3,325.84",3.7824488
URY,7,Running Sum of Pop along Table (Down),16,"4,920","3,326.15",0.3068166
DZA,10,Running Sum of Pop along Table (Down),16,"4,941","3,328.55",2.4035236
KAZ,8,Running Sum of Pop along Table (Down),16,"4,953","3,330.16",1.6130832
IRL,6,Running Sum of Pop along Table (Down),16,"4,995","3,330.51",0.3524949
ARG,6,Running Sum of Pop along Table (Down),16,"4,996","3,333.69",3.172913
SVK,6,Running Sum of Pop along Table (Down),16,"4,997","3,334.21",0.5250596
BRA,9,Running Sum of Pop along Table (Down),16,"5,012","3,348.66",14.4470384
FRA,2,Running Sum of Pop along Table (Down),16,"5,036","3,354.43",5.7668932
ROU,8,Running Sum of Pop along Table (Down),16,"5,061","3,356.73",2.3057662
BLR,9,Running Sum of Pop along Table (Down),16,"5,097","3,357.75",1.014
GRC,3,Running Sum of Pop along Table (Down),16,"5,105","3,358.75",1.0036983
DEU,1,Running Sum of Pop along Table (Down),16,"5,114","3,366.56",7.8144616
LVA,3,Running Sum of Pop along Table (Down),16,"5,117","3,366.83",0.2653434
EST,6,Running Sum of Pop along Table (Down),16,"5,210","3,366.99",0.15619
CZE,5,Running Sum of Pop along Table (Down),16,"5,271","3,368.02",1.0355276
AUS,2,Running Sum of Pop along Table (Down),16,"5,284","3,369.67",1.65322
GBR,3,Running Sum of Pop along Table (Down),16,"5,305","3,375.37",5.6928328
LTU,9,Running Sum of Pop along Table (Down),16,"5,307","3,375.73",0.3655049
SVN,5,Running Sum of Pop along Table (Down),16,"5,345","3,375.93",0.1995196
KOR,5,Running Sum of Pop along Table (Down),16,"5,347","3,380.13",4.1975
TTO,9,Running Sum of Pop along Table (Down),16,"5,358","3,380.25",0.1201224
BGR,5,Running Sum of Pop along Table (Down),16,"5,384","3,381.15",0.8981446
ITA,4,Running Sum of Pop along Table (Down),16,"5,398","3,386.81",5.6629288
SVK,7,Running Sum of Pop along Table (Down),16,"5,457","3,387.34",0.5250596
BEL,2,Running Sum of Pop along Table (Down),16,"5,470","3,388.33",0.9901664
HND,10,Running Sum of Pop along Table (Down),16,"5,501","3,388.79",0.4618245
CYP,6,Running Sum of Pop along Table (Down),16,"5,507","3,388.86",0.0736531
ISR,6,Running Sum of Pop along Table (Down),16,"5,521","3,389.31",0.4442
ESP,5,Running Sum of Pop along Table (Down),16,"5,534","3,393.18",3.8715848
TUN,10,Running Sum of Pop along Table (Down),16,"5,571","3,393.96",0.7857619
GTM,10,Running Sum of Pop along Table (Down),16,"5,626","3,394.82",0.8525211
PRT,7,Running Sum of Pop along Table (Down),16,"5,637","3,395.82",1.001961
PRY,9,Running Sum of Pop along Table (Down),16,"5,675","3,396.22",0.4023628
NLD,3,Running Sum of Pop along Table (Down),16,"5,696","3,397.70",1.4760094
FIN,2,Running Sum of Pop along Table (Down),16,"5,729","3,398.19",0.4946481
CZE,6,Running Sum of Pop along Table (Down),16,"5,734","3,399.23",1.0355276
USA,2,Running Sum of Pop along Table (Down),16,"5,770","3,423.68",24.4499008
HUN,10,Running Sum of Pop along Table (Down),16,"5,806","3,424.74",1.0596487
LVA,4,Running Sum of Pop along Table (Down),16,"5,806","3,425.00",0.2653434
EST,7,Running Sum of Pop along Table (Down),16,"5,809","3,425.16",0.15619
IRL,7,Running Sum of Pop along Table (Down),16,"5,813","3,425.51",0.3524949
POL,9,Running Sum of Pop along Table (Down),16,"5,825","3,429.29",3.7824488
SVN,6,Running Sum of Pop along Table (Down),16,"5,881","3,429.49",0.1995196
ROU,9,Running Sum of Pop along Table (Down),16,"5,886","3,431.80",2.3057662
KAZ,9,Running Sum of Pop along Table (Down),16,"5,909","3,433.41",1.6130832
JPN,1,Running Sum of Pop along Table (Down),16,"5,929","3,445.67",12.2613
BGR,6,Running Sum of Pop along Table (Down),16,"5,942","3,446.57",0.8981446
SVK,8,Running Sum of Pop along Table (Down),16,"6,040","3,447.10",0.5250596
URY,8,Running Sum of Pop along Table (Down),16,"6,069","3,447.40",0.3068166
GRC,4,Running Sum of Pop along Table (Down),16,"6,077","3,448.41",1.0036983
DOM,10,Running Sum of Pop along Table (Down),16,"6,091","3,449.10",0.6907171
KOR,6,Running Sum of Pop along Table (Down),16,"6,100","3,453.29",4.1975
ARG,7,Running Sum of Pop along Table (Down),16,"6,116","3,456.47",3.172913
AUT,1,Running Sum of Pop along Table (Down),16,"6,137","3,457.23",0.7585317
NZL,3,Running Sum of Pop along Table (Down),16,"6,156","3,457.56",0.335
GBR,4,Running Sum of Pop along Table (Down),16,"6,205","3,463.25",5.6928328
FRA,3,Running Sum of Pop along Table (Down),16,"6,206","3,469.02",5.7668932
ITA,5,Running Sum of Pop along Table (Down),16,"6,221","3,474.68",5.6629288
CZE,7,Running Sum of Pop along Table (Down),16,"6,245","3,475.72",1.0355276
BOL,10,Running Sum of Pop along Table (Down),16,"6,312","3,476.36",0.636347
CYP,7,Running Sum of Pop along Table (Down),16,"6,373","3,476.43",0.0736531
ESP,6,Running Sum of Pop along Table (Down),16,"6,382","3,480.30",3.8715848
BEL,3,Running Sum of Pop along Table (Down),16,"6,405","3,481.29",0.9901664
SVN,7,Running Sum of Pop along Table (Down),16,"6,477","3,481.49",0.1995196
LVA,5,Running Sum of Pop along Table (Down),16,"6,486","3,481.76",0.2653434
EST,8,Running Sum of Pop along Table (Down),16,"6,507","3,481.91",0.15619
BGR,7,Running Sum of Pop along Table (Down),16,"6,575","3,482.81",0.8981446
AUS,3,Running Sum of Pop along Table (Down),16,"6,589","3,484.46",1.65322
VEN,9,Running Sum of Pop along Table (Down),16,"6,591","3,486.35",1.8839278
NLD,4,Running Sum of Pop along Table (Down),16,"6,619","3,487.82",1.4760094
PRT,8,Running Sum of Pop along Table (Down),16,"6,622","3,488.82",1.001961
FIN,3,Running Sum of Pop along Table (Down),16,"6,629","3,489.32",0.4946481
ISR,7,Running Sum of Pop along Table (Down),16,"6,645","3,489.76",0.4442
CAN,2,Running Sum of Pop along Table (Down),16,"6,751","3,492.45",2.6895
CZE,8,Running Sum of Pop along Table (Down),16,"6,901","3,493.49",1.0355276
GRC,5,Running Sum of Pop along Table (Down),16,"6,922","3,494.49",1.0036983
SVK,9,Running Sum of Pop along Table (Down),16,"6,944","3,495.02",0.5250596
IRL,8,Running Sum of Pop along Table (Down),16,"6,951","3,495.37",0.3524949
BLR,10,Running Sum of Pop along Table (Down),16,"7,030","3,496.38",1.014
KOR,7,Running Sum of Pop along Table (Down),16,"7,043","3,500.58",4.1975
GBR,5,Running Sum of Pop along Table (Down),16,"7,211","3,506.27",5.6928328
LVA,6,Running Sum of Pop along Table (Down),16,"7,211","3,506.54",0.2653434
LTU,10,Running Sum of Pop along Table (Down),16,"7,233","3,506.91",0.3655049
DNK,2,Running Sum of Pop along Table (Down),16,"7,252","3,507.42",0.5129516
SLV,10,Running Sum of Pop along Table (Down),16,"7,257","3,507.94",0.5189565
SVN,8,Running Sum of Pop along Table (Down),16,"7,258","3,508.14",0.1995196
ITA,6,Running Sum of Pop along Table (Down),16,"7,273","3,513.80",5.6629288
BEL,4,Running Sum of Pop along Table (Down),16,"7,332","3,514.79",0.9901664
ESP,7,Running Sum of Pop along Table (Down),16,"7,340","3,518.66",3.8715848
FRA,4,Running Sum of Pop along Table (Down),17,"7,389","3,524.43",5.7668932
BGR,8,Running Sum of Pop along Table (Down),17,"7,400","3,525.33",0.8981446
FIN,4,Running Sum of Pop along Table (Down),17,"7,408","3,525.82",0.4946481
EST,9,Running Sum of Pop along Table (Down),17,"7,424","3,525.98",0.15619
DEU,2,Running Sum of Pop along Table (Down),17,"7,446","3,533.79",7.8144616
CYP,8,Running Sum of Pop along Table (Down),17,"7,473","3,533.87",0.0736531
JOR,10,Running Sum of Pop along Table (Down),17,"7,473","3,534.16",0.2948
NLD,5,Running Sum of Pop along Table (Down),17,"7,498","3,535.64",1.4760094
JPN,2,Running Sum of Pop along Table (Down),17,"7,621","3,547.90",12.2613
ARG,8,Running Sum of Pop along Table (Down),17,"7,645","3,551.07",3.172913
NZL,4,Running Sum of Pop along Table (Down),17,"7,676","3,551.41",0.335
AUS,4,Running Sum of Pop along Table (Down),17,"7,711","3,553.06",1.65322
JAM,10,Running Sum of Pop along Table (Down),17,"7,733","3,553.29",0.23564
CZE,9,Running Sum of Pop along Table (Down),17,"7,904","3,554.33",1.0355276
URY,9,Running Sum of Pop along Table (Down),17,"7,990","3,554.64",0.3068166
ROU,10,Running Sum of Pop along Table (Down),17,"8,002","3,556.94",2.3057662
LVA,7,Running Sum of Pop along Table (Down),17,"8,017","3,557.21",0.2653434
ISR,8,Running Sum of Pop along Table (Down),17,"8,023","3,557.65",0.4442
GRC,6,Running Sum of Pop along Table (Down),17,"8,075","3,558.66",1.0036983
CRI,10,Running Sum of Pop along Table (Down),17,"8,095","3,558.95",0.2916566
IRN,10,Running Sum of Pop along Table (Down),17,"8,150","3,564.13",5.1810744
FIN,5,Running Sum of Pop along Table (Down),17,"8,168","3,564.62",0.4946481
KAZ,10,Running Sum of Pop along Table (Down),17,"8,168","3,566.24",1.6130832
USA,3,Running Sum of Pop along Table (Down),17,"8,180","3,590.69",24.4499008
BEL,5,Running Sum of Pop along Table (Down),17,"8,237","3,591.68",0.9901664
KOR,8,Running Sum of Pop along Table (Down),17,"8,302","3,595.87",4.1975
GBR,6,Running Sum of Pop along Table (Down),17,"8,324","3,601.57",5.6928328
AUT,2,Running Sum of Pop along Table (Down),17,"8,333","3,602.32",0.7585317
PRT,9,Running Sum of Pop along Table (Down),17,"8,364","3,603.33",1.001961
ITA,7,Running Sum of Pop along Table (Down),17,"8,443","3,608.99",5.6629288
SVN,9,Running Sum of Pop along Table (Down),17,"8,489","3,609.19",0.1995196
CAN,3,Running Sum of Pop along Table (Down),17,"8,503","3,611.88",2.6895
FRA,5,Running Sum of Pop along Table (Down),17,"8,542","3,617.65",5.7668932
DNK,3,Running Sum of Pop along Table (Down),17,"8,559","3,618.16",0.5129516
ESP,8,Running Sum of Pop along Table (Down),17,"8,566","3,622.03",3.8715848
JPN,3,Running Sum of Pop along Table (Down),17,"8,612","3,634.29",12.2613
POL,10,Running Sum of Pop along Table (Down),17,"8,668","3,638.07",3.7824488
BGR,9,Running Sum of Pop along Table (Down),17,"8,678","3,638.97",0.8981446
NLD,6,Running Sum of Pop along Table (Down),17,"8,691","3,640.45",1.4760094
DEU,3,Running Sum of Pop along Table (Down),17,"8,744","3,648.26",7.8144616
ECU,10,Running Sum of Pop along Table (Down),17,"8,778","3,649.24",0.9792658
IRL,9,Running Sum of Pop along Table (Down),17,"8,864","3,649.59",0.3524949
AUS,5,Running Sum of Pop along Table (Down),17,"8,904","3,651.25",1.65322
FIN,6,Running Sum of Pop along Table (Down),17,"8,953","3,651.74",0.4946481
LVA,8,Running Sum of Pop along Table (Down),17,"8,968","3,652.01",0.2653434
BEL,6,Running Sum of Pop along Table (Down),17,"9,132","3,653.00",0.9901664
TUR,10,Running Sum of Pop along Table (Down),17,"9,155","3,658.23",5.22785
CYP,9,Running Sum of Pop along Table (Down),17,"9,305","3,658.30",0.0736531
GRC,7,Running Sum of Pop along Table (Down),17,"9,347","3,659.30",1.0036983
SVK,10,Running Sum of Pop along Table (Down),17,"9,365","3,659.83",0.5250596
JPN,4,Running Sum of Pop along Table (Down),17,"9,507","3,672.09",12.2613
GBR,7,Running Sum of Pop along Table (Down),17,"9,557","3,677.78",5.6928328
EST,10,Running Sum of Pop along Table (Down),17,"9,591","3,677.94",0.15619
DNK,4,Running Sum of Pop along Table (Down),17,"9,656","3,678.45",0.5129516
AUT,3,Running Sum of Pop along Table (Down),17,"9,790","3,679.21",0.7585317
FRA,6,Running Sum of Pop along Table (Down),17,"9,790","3,684.98",5.7668932
NZL,5,Running Sum of Pop along Table (Down),17,"9,841","3,685.31",0.335
ITA,8,Running Sum of Pop along Table (Down),17,"9,878","3,690.97",5.6629288
FIN,7,Running Sum of Pop along Table (Down),17,"9,909","3,691.47",0.4946481
TTO,10,Running Sum of Pop along Table (Down),17,"9,914","3,691.59",0.1201224
CAN,4,Running Sum of Pop along Table (Down),17,"9,973","3,694.28",2.6895
NLD,7,Running Sum of Pop along Table (Down),17,"10,021","3,695.75",1.4760094
DEU,4,Running Sum of Pop along Table (Down),17,"10,086","3,703.57",7.8144616
ISR,9,Running Sum of Pop along Table (Down),17,"10,152","3,704.01",0.4442
BEL,7,Running Sum of Pop along Table (Down),17,"10,195","3,705.00",0.9901664
KOR,9,Running Sum of Pop along Table (Down),17,"10,216","3,709.20",4.1975
LVA,9,Running Sum of Pop along Table (Down),17,"10,250","3,709.47",0.2653434
ARG,9,Running Sum of Pop along Table (Down),17,"10,280","3,712.64",3.172913
USA,4,Running Sum of Pop along Table (Down),18,"10,312","3,737.09",24.4499008
MYS,10,Running Sum of Pop along Table (Down),18,"10,335","3,738.81",1.7200068
CZE,10,Running Sum of Pop along Table (Down),18,"10,449","3,739.84",1.0355276
AUS,6,Running Sum of Pop along Table (Down),18,"10,469","3,741.50",1.65322
JPN,5,Running Sum of Pop along Table (Down),18,"10,495","3,753.76",12.2613
ESP,9,Running Sum of Pop along Table (Down),18,"10,586","3,757.63",3.8715848
PRY,10,Running Sum of Pop along Table (Down),18,"10,604","3,758.03",0.4023628
DNK,5,Running Sum of Pop along Table (Down),18,"10,751","3,758.55",0.5129516
AUT,4,Running Sum of Pop along Table (Down),18,"11,059","3,759.30",0.7585317
FIN,8,Running Sum of Pop along Table (Down),18,"11,112","3,759.80",0.4946481
GRC,8,Running Sum of Pop along Table (Down),18,"11,164","3,760.80",1.0036983
FRA,7,Running Sum of Pop along Table (Down),18,"11,236","3,766.57",5.7668932
GBR,8,Running Sum of Pop along Table (Down),18,"11,239","3,772.26",5.6928328
CAN,5,Running Sum of Pop along Table (Down),18,"11,417","3,774.95",2.6895
DEU,5,Running Sum of Pop along Table (Down),18,"11,444","3,782.77",7.8144616
COL,10,Running Sum of Pop along Table (Down),18,"11,476","3,785.96",3.191325
BEL,8,Running Sum of Pop along Table (Down),18,"11,596","3,786.95",0.9901664
JPN,6,Running Sum of Pop along Table (Down),18,"11,684","3,799.21",12.2613
NLD,8,Running Sum of Pop along Table (Down),18,"11,893","3,800.69",1.4760094
DNK,6,Running Sum of Pop along Table (Down),18,"11,967","3,801.20",0.5129516
ITA,9,Running Sum of Pop along Table (Down),18,"12,109","3,806.86",5.6629288
NZL,6,Running Sum of Pop along Table (Down),18,"12,244","3,807.20",0.335
AUT,5,Running Sum of Pop along Table (Down),18,"12,331","3,807.96",0.7585317
AUS,7,Running Sum of Pop along Table (Down),18,"12,345","3,809.61",1.65322
BGR,10,Running Sum of Pop along Table (Down),18,"12,424","3,810.51",0.8981446
USA,5,Running Sum of Pop along Table (Down),18,"12,441","3,834.96",24.4499008
SVN,10,Running Sum of Pop along Table (Down),18,"12,548","3,835.16",0.1995196
FIN,9,Running Sum of Pop along Table (Down),18,"12,873","3,835.65",0.4946481
DEU,6,Running Sum of Pop along Table (Down),18,"13,011","3,843.47",7.8144616
CAN,6,Running Sum of Pop along Table (Down),18,"13,101","3,846.15",2.6895
JPN,7,Running Sum of Pop along Table (Down),18,"13,175","3,858.42",12.2613
FRA,8,Running Sum of Pop along Table (Down),18,"13,195","3,864.18",5.7668932
CHL,10,Running Sum of Pop along Table (Down),18,"13,336","3,865.46",1.2733409
DNK,7,Running Sum of Pop along Table (Down),18,"13,387","3,865.97",0.5129516
GBR,9,Running Sum of Pop along Table (Down),18,"13,674","3,871.66",5.6928328
AUT,6,Running Sum of Pop along Table (Down),18,"13,689","3,872.42",0.7585317
LVA,10,Running Sum of Pop along Table (Down),18,"13,712","3,872.69",0.2653434
BEL,9,Running Sum of Pop along Table (Down),18,"13,755","3,873.68",0.9901664
GRC,9,Running Sum of Pop along Table (Down),18,"13,798","3,874.68",1.0036983
PRT,10,Running Sum of Pop along Table (Down),18,"14,080","3,875.68",1.001961
NZL,7,Running Sum of Pop along Table (Down),18,"14,321","3,876.02",0.335
DEU,7,Running Sum of Pop along Table (Down),18,"14,686","3,883.83",7.8144616
AUS,8,Running Sum of Pop along Table (Down),18,"14,849","3,885.48",1.65322
USA,6,Running Sum of Pop along Table (Down),18,"14,861","3,909.93",24.4499008
JPN,8,Running Sum of Pop along Table (Down),18,"15,075","3,922.20",12.2613
NLD,9,Running Sum of Pop along Table (Down),18,"15,075","3,923.67",1.4760094
BRA,10,Running Sum of Pop along Table (Down),19,"15,081","3,938.12",14.4470384
AUT,7,Running Sum of Pop along Table (Down),19,"15,204","3,938.88",0.7585317
DNK,8,Running Sum of Pop along Table (Down),19,"15,205","3,939.39",0.5129516
CAN,7,Running Sum of Pop along Table (Down),19,"15,207","3,942.08",2.6895
CYP,10,Running Sum of Pop along Table (Down),19,"15,540","3,942.15",0.0736531
IRL,10,Running Sum of Pop along Table (Down),19,"15,603","3,942.51",0.3524949
VEN,10,Running Sum of Pop along Table (Down),19,"15,618","3,944.39",1.8839278
URY,10,Running Sum of Pop along Table (Down),19,"16,242","3,944.70",0.3068166
FRA,9,Running Sum of Pop along Table (Down),19,"16,274","3,950.46",5.7668932
ISR,10,Running Sum of Pop along Table (Down),19,"16,920","3,950.91",0.4442
NZL,8,Running Sum of Pop along Table (Down),19,"16,942","3,951.24",0.335
DEU,8,Running Sum of Pop along Table (Down),19,"16,973","3,959.06",7.8144616
AUT,8,Running Sum of Pop along Table (Down),19,"17,063","3,959.82",0.7585317
ESP,10,Running Sum of Pop along Table (Down),19,"17,723","3,963.69",3.8715848
FIN,10,Running Sum of Pop along Table (Down),19,"17,806","3,964.18",0.4946481
USA,7,Running Sum of Pop along Table (Down),19,"17,860","3,988.63",24.4499008
DNK,9,Running Sum of Pop along Table (Down),19,"17,907","3,989.14",0.5129516
JPN,9,Running Sum of Pop along Table (Down),19,"18,078","4,001.41",12.2613
CAN,8,Running Sum of Pop along Table (Down),19,"18,087","4,004.10",2.6895
AUS,9,Running Sum of Pop along Table (Down),19,"18,784","4,005.75",1.65322
KOR,10,Running Sum of Pop along Table (Down),19,"19,432","4,009.95",4.1975
AUT,9,Running Sum of Pop along Table (Down),19,"19,638","4,010.70",0.7585317
ITA,10,Running Sum of Pop along Table (Down),19,"19,681","4,016.37",5.6629288
DEU,9,Running Sum of Pop along Table (Down),19,"20,268","4,024.18",7.8144616
BEL,10,Running Sum of Pop along Table (Down),19,"20,652","4,025.17",0.9901664
NZL,9,Running Sum of Pop along Table (Down),19,"20,687","4,025.51",0.335
USA,8,Running Sum of Pop along Table (Down),19,"21,485","4,049.96",24.4499008
ARG,10,Running Sum of Pop along Table (Down),19,"22,020","4,053.13",3.172913
GBR,10,Running Sum of Pop along Table (Down),19,"22,217","4,058.82",5.6928328
CAN,9,Running Sum of Pop along Table (Down),19,"22,462","4,061.51",2.6895
NLD,10,Running Sum of Pop along Table (Down),19,"22,806","4,062.99",1.4760094
GRC,10,Running Sum of Pop along Table (Down),19,"23,636","4,063.99",1.0036983
FRA,10,Running Sum of Pop along Table (Down),19,"26,635","4,069.76",5.7668932
JPN,10,Running Sum of Pop along Table (Down),19,"26,920","4,082.02",12.2613
USA,9,Running Sum of Pop along Table (Down),19,"27,285","4,106.47",24.4499008
AUT,10,Running Sum of Pop along Table (Down),19,"27,312","4,107.23",0.7585317
DNK,10,Running Sum of Pop along Table (Down),19,"27,387","4,107.74",0.5129516
AUS,10,Running Sum of Pop along Table (Down),19,"28,953","4,109.39",1.65322
NZL,10,Running Sum of Pop along Table (Down),19,"29,393","4,109.73",0.335
DEU,10,Running Sum of Pop along Table (Down),19,"31,358","4,117.54",7.8144616
CAN,10,Running Sum of Pop along Table (Down),19,"34,682","4,120.23",2.6895
USA,10,Running Sum of Pop along Table (Down),19,"43,279","4,144.68",24.4499008